{
  "validity_analysis": {
    "mean_validity": 0.0,
    "median_validity": 0.0,
    "std_validity": 0.0,
    "distribution": {
      "0": 10974
    },
    "short_term_ratio": 1.0,
    "medium_term_ratio": 0.0,
    "long_term_ratio": 0.0
  },
  "renewal_analysis": {
    "mean_interval": null,
    "median_interval": null,
    "std_interval": null,
    "irregular_renewal_count": 0,
    "renewal_distribution": {}
  },
  "weekday_analysis": {
    "weekend_ratio": 0.2412976125387279,
    "weekend_count": "2648",
    "weekday_count": "8326",
    "hourly_patterns": {
      "weekend": {
        "18": 244,
        "4": 226,
        "2": 224,
        "5": 194,
        "21": 190,
        "1": 183,
        "10": 174,
        "17": 159,
        "3": 157,
        "19": 112,
        "9": 109,
        "12": 101,
        "22": 83,
        "11": 79,
        "20": 73,
        "0": 64,
        "16": 62,
        "8": 62,
        "6": 46,
        "7": 43,
        "13": 41,
        "23": 13,
        "15": 7,
        "14": 2
      },
      "weekday": {
        "12": 736,
        "11": 712,
        "17": 575,
        "18": 554,
        "13": 539,
        "15": 521,
        "16": 508,
        "10": 503,
        "14": 444,
        "23": 400,
        "22": 388,
        "21": 336,
        "9": 303,
        "8": 238,
        "7": 233,
        "20": 225,
        "6": 220,
        "19": 193,
        "1": 151,
        "3": 133,
        "5": 127,
        "2": 125,
        "4": 97,
        "0": 65
      }
    },
    "daily_patterns": {
      "2": 3827,
      "6": 1924,
      "3": 1892,
      "1": 1053,
      "0": 959,
      "5": 724,
      "4": 595
    },
    "business_hours_ratio": 0.5080189538910151
  }
}