{
  "validity_analysis": {
    "mean_validity": 0.0,
    "median_validity": 0.0,
    "std_validity": 0.0,
    "distribution": {
      "0": 9591
    },
    "short_term_ratio": 1.0,
    "medium_term_ratio": 0.0,
    "long_term_ratio": 0.0
  },
  "renewal_analysis": {
    "mean_interval": null,
    "median_interval": null,
    "std_interval": null,
    "irregular_renewal_count": 0,
    "renewal_distribution": {}
  },
  "weekday_analysis": {
    "weekend_ratio": 0.24293608591387758,
    "weekend_count": "2330",
    "weekday_count": "7261",
    "hourly_patterns": {
      "weekend": {
        "16": 170,
        "15": 150,
        "17": 144,
        "20": 139,
        "10": 128,
        "11": 122,
        "4": 107,
        "19": 104,
        "21": 101,
        "9": 95,
        "5": 95,
        "18": 95,
        "2": 94,
        "6": 91,
        "8": 89,
        "3": 89,
        "1": 88,
        "0": 87,
        "7": 85,
        "14": 71,
        "23": 66,
        "22": 55,
        "12": 46,
        "13": 19
      },
      "weekday": {
        "2": 448,
        "1": 446,
        "5": 427,
        "23": 408,
        "3": 403,
        "4": 403,
        "22": 399,
        "6": 382,
        "0": 360,
        "7": 358,
        "8": 354,
        "9": 326,
        "16": 307,
        "20": 296,
        "17": 281,
        "21": 281,
        "19": 277,
        "18": 250,
        "15": 222,
        "10": 183,
        "11": 123,
        "14": 117,
        "13": 106,
        "12": 104
      }
    },
    "daily_patterns": {
      "2": 2090,
      "1": 1765,
      "5": 1650,
      "0": 1221,
      "4": 1214,
      "3": 971,
      "6": 680
    },
    "business_hours_ratio": 0.2829736211031175
  }
}